,Profit,Recency,Frequency,Monetary,Variance,SegmentId
0,187,63,1,2349.06,2,0
1,96,10,6,922.62,4,0
2,47,35,4,881.22,3,0
3,294,5,1,3815.16,2,0
4,732,4,31,41868.11,29,1
5,37,16,3,2053.4,8,0
6,264,11,12,4861.49,12,0
7,188,4,8,4010.69,9,0
8,316,4,21,12636.8,20,1
9,528,5,18,17741.24,26,1
10,87,18,6,5542.36,10,0
11,58457,11,13,25965518.2,110,2
12,445,5,14,24193.52,23,1
13,434,17,8,35265.23,24,1
14,247,25,8,17161.14,17,0
15,111,4,7,1551.15,3,0
16,320,5,15,7345.29,20,1
17,18,7,2,339.1,5,0
18,36,40,7,774.44,5,0
19,26,59,3,251.98,2,0
20,156,32,4,11455.86,10,0
21,30,42,1,139.76,1,0
22,251,5,13,5230.98,19,1
23,42,41,3,351.06,3,0
24,94,5,5,2265.75,10,0
25,957,3,22,35229.52,34,1
26,3858,3,52,114028.95,41,1
27,304,47,4,5845.68,6,0
28,79,3,9,750.84,8,0
29,39,18,3,602.63,2,0
30,36,2,2,537.0,2,0
31,123,4,6,3461.61,12,0
32,115,55,3,5802.5,14,0
33,56,32,5,427.31,4,0
34,6,63,1,49.99,1,0
35,39,2,8,1195.41,6,0
36,548,2,14,23431.21,20,1
37,251,5,10,6580.88,8,1
38,597,3,27,29915.37,26,1
39,270,24,13,3499.2,9,0
40,638,6,16,37273.21,39,1
41,33273,3,62,3059273.52,96,2
42,8,40,1,75.48,1,0
43,8,63,1,75.48,1,0
44,435,4,14,20953.36,21,1
45,516,6,14,14164.84,22,1
46,29,3,4,295.92,4,0
47,314,3,15,8863.08,14,1
48,356,4,17,13089.16,19,1
49,191,6,3,1979.79,7,0
50,67669,1,77,31966480.14,134,2
51,667,1,3,55547.8,14,1
52,800,3,11,39119.06,25,1
53,414,5,25,65626.88,25,1
54,48,33,2,349.92,1,0
55,1192,4,24,93531.57,46,1
56,40,12,4,130.72,1,0
57,271,3,22,4340.73,8,1
58,442,5,13,18207.51,12,1
59,17,21,5,295.21,3,0
60,28,7,7,683.35,6,0
61,174,5,12,5437.51,15,1
62,318,3,13,9916.47,12,1
63,18,18,2,290.4,3,0
64,95,4,24,2178.73,13,1
65,145,10,9,7234.36,12,0
66,2851,10,11,467173.24,61,1
67,3645,3,36,73717.29,62,1
68,319,5,12,9566.5,7,1
69,1503,7,17,115407.56,50,1
70,82,21,5,1395.93,9,0
71,4553,49,8,105275.94,6,0
72,69,2,10,1186.25,6,0
73,793,4,13,31984.79,39,1
74,279,5,10,7465.7,18,1
75,195,6,17,2867.65,15,1
76,21,13,3,524.76,4,0
77,713,3,7,31663.0,18,1
78,325,7,6,25173.63,22,1
79,373,3,22,11111.18,22,1
80,166,10,7,6312.12,8,0
81,1509,7,18,75701.68,42,1
82,213,5,3,21170.92,22,0
83,316,5,20,6530.72,9,1
84,290,41,2,5392.08,4,0
85,71,6,12,1297.59,8,0
86,30,47,1,148.29,1,0
87,6,54,3,87.17,2,0
88,344,11,13,15997.74,28,1
89,1068,7,18,40522.53,39,1
90,313,4,23,13311.28,20,1
91,42,48,3,741.48,4,0
92,14724,4,10,795810.92,28,1
93,181,13,2,2739.04,5,0
94,452,11,17,15568.93,28,1
95,98,7,13,1176.92,7,0
96,2281,6,16,251457.4,30,1
97,204,6,7,6524.25,10,0
98,492,3,44,14273.02,20,1
99,1677,7,16,134508.7,34,1
100,1907,11,13,138180.25,42,1
101,264,19,10,7890.94,15,1
102,205,3,12,9996.0,18,1
103,61,6,9,2651.49,7,0
104,240,4,12,13218.21,19,1
105,30,66,1,16.44,1,0
106,230,3,5,11636.04,20,1
107,34,18,2,1552.87,7,0
108,182,7,9,3270.86,6,0
109,3152,2,22,109332.32,48,1
110,524,2,19,15718.21,24,1
111,597,3,10,30218.41,24,1
112,184,12,9,1700.68,7,0
113,452,3,13,15926.79,27,1
114,70,28,4,968.78,8,0
115,1382,6,15,89000.57,53,1
116,508,3,9,18499.61,22,1
117,144,32,4,1297.66,3,0
118,202,14,9,2581.31,8,0
119,74,45,3,1042.36,5,0
120,36,9,9,1375.16,8,0
121,153,4,6,8945.05,12,1
122,221,2,35,5359.9,10,1
123,234,76,1,12172.86,2,0
124,141,4,8,5130.72,13,0
125,10,49,1,124.69,1,0
126,376,14,12,16251.02,30,1
127,302,18,10,7417.74,11,0
128,342,4,17,12714.23,24,1
129,1361,13,7,49103.25,15,1
130,105,3,22,2583.67,9,1
131,1681,7,16,72922.99,42,1
132,22,13,2,309.38,3,0
133,85,18,5,3051.11,9,0
134,22,39,4,190.55,4,0
135,1389,2,8,30290.52,13,1
136,837,1,3,89532.87,19,1
137,663,5,12,52859.17,22,1
138,84,10,6,763.44,3,0
139,1191,4,13,54739.72,33,1
140,150,5,8,5670.2,12,0
141,349,3,26,9298.13,13,1
142,222,3,16,5691.82,14,1
143,155,42,6,5144.86,13,0
144,41189,2,65,6319742.34,103,2
145,226,12,12,5942.56,9,0
146,83,4,11,2234.87,7,1
147,1414,5,18,91745.88,56,1
148,200,6,10,9678.88,18,1
149,278,18,8,4483.91,13,0
150,117,5,10,854.03,5,0
151,70,3,4,1226.05,5,0
152,270,3,4,3222.76,4,0
153,703,3,12,10930.32,11,1
154,7631,3,58,459055.86,45,1
155,76,5,8,878.37,6,0
156,177,27,9,6751.55,13,0
157,100,84,1,1099.9,1,0
158,113,7,11,4058.37,12,0
159,220,19,11,7581.11,9,0
160,50,11,4,536.39,3,0
161,237,4,8,5288.77,13,0
162,906,2,25,32039.27,30,1
163,20,68,1,85.22,1,0
164,104,10,4,563.76,3,0
165,58,6,10,1335.74,5,0
166,37,12,9,413.43,6,0
167,35,34,2,1034.14,4,0
168,152,11,5,7864.08,9,0
169,132,14,4,4792.79,12,0
170,561,4,21,19394.13,35,1
171,153,11,3,7841.84,13,0
172,65,13,19,805.58,6,0
173,173,6,7,1175.15,5,0
174,6015,42,13,61685.44,10,0
175,603,45,3,7177.68,5,0
176,30,3,9,523.66,5,0
177,67,19,4,1938.81,9,0
178,1349,3,19,47898.18,37,1
179,130,21,5,2144.24,4,0
180,1031,4,25,67709.38,38,1
181,1691,16,10,29748.27,14,1
182,22,83,1,261.18,2,0
183,24,41,1,174.96,1,0
184,605,7,10,15489.51,17,1
185,492,3,27,15603.6,21,1
186,11,67,2,260.33,3,0
187,1994,7,14,92115.18,23,1
188,170,12,5,8733.48,20,0
189,76,21,7,2874.69,10,0
190,210,63,1,4528.92,3,0
191,374,3,15,17933.52,39,1
192,43,3,7,1269.48,8,0
193,5,3,1,133.45,1,0
194,30,48,1,148.29,1,0
195,310,5,8,21233.56,17,1
196,68,7,4,1548.38,5,0
197,3899,2,37,210361.74,44,1
198,18,32,2,100.38,2,0
199,69,11,6,1510.53,9,0
200,344,62,2,6511.92,6,0
201,700,4,26,47927.88,28,1
202,177,1,3,5869.97,8,0
203,423,7,14,15919.92,32,1
204,258,3,21,5693.63,25,1
205,588,4,15,9448.49,14,1
206,179,5,3,6292.66,12,0
207,58,5,11,1555.38,9,0
208,240,10,22,3909.77,14,0
209,50,4,16,1157.21,5,0
210,266,3,6,13826.76,18,1
211,124,14,9,5678.1,11,0
212,85,18,3,1568.96,6,0
213,146,6,15,1621.59,8,1
214,136,3,9,4895.77,9,0
215,607,4,35,21229.71,19,1
216,180,1,3,5187.32,6,0
217,24,41,1,94.8,1,0
218,132,53,2,1354.09,3,0
219,1114,2,24,25270.98,21,1
220,284,7,11,9790.06,15,1
221,72,6,8,970.6,6,0
222,2691,5,13,287959.57,61,1
223,165,20,1,3067.35,1,0
224,179,3,4,7422.96,9,1
225,34,12,8,658.31,8,0
226,636,3,15,36841.14,37,1
227,492,1,3,26279.52,13,1
228,687,5,14,30920.68,26,1
229,42,13,4,680.38,2,0
230,625,4,23,22100.67,37,1
231,652,5,13,86669.64,26,1
232,141,21,5,3867.5,10,0
233,290,2,15,12101.2,19,1
234,31,25,4,319.03,4,0
235,838,7,17,26820.7,31,1
236,7818,33,3,332032.74,6,0
237,191,7,3,2966.16,7,0
238,36,9,3,783.37,5,0
239,311,4,18,23974.04,21,1
240,397,2,17,8258.09,11,1
241,86,12,7,794.56,4,0
242,1210,2,32,52025.69,26,1
243,472,11,13,17900.85,25,1
244,40,69,3,728.98,5,0
245,755,4,10,50024.63,34,1
246,906,5,14,76543.53,42,1
247,507,5,26,11365.45,20,1
248,491,5,8,23674.2,17,1
249,169,34,5,4556.51,8,0
250,427,7,19,14783.38,17,1
251,264,3,8,5315.03,10,0
252,2526,3,14,367264.7,40,1
253,111,5,10,1725.8,12,0
254,1732,6,15,107212.51,56,1
255,554,5,12,28136.79,30,1
256,154,3,15,3704.3,11,1
257,121,18,4,4833.1,12,0
258,48,12,4,294.3,4,0
259,111,68,4,4801.15,12,0
260,77,13,3,4046.3,11,0
261,1977,6,12,124036.52,43,1
262,995,6,21,43465.13,30,1
263,438,3,15,12548.11,22,1
264,426,10,6,21889.92,22,0
265,36,4,14,578.84,2,0
266,798,45,5,120516.1,47,1
267,945,4,20,50470.82,34,1
268,648,3,21,31604.13,38,1
269,30,4,1,273.93,1,0
270,36,72,1,577.92,2,0
271,280,3,9,5964.15,7,1
272,45,52,1,777.0,2,0
273,72,55,2,4987.68,11,0
274,36,14,2,475.9,2,0
275,92,2,8,1058.88,10,0
276,72,69,1,599.88,1,0
277,46,17,4,974.74,5,0
278,830,7,11,53832.29,32,1
279,779,20,15,15600.45,27,1
280,838,10,19,47984.74,42,1
281,60,73,1,281.56,1,0
282,36,45,3,909.8,4,0
283,200,24,7,2960.9,7,0
284,1250,6,16,67892.02,45,1
285,164,14,4,7462.58,7,0
286,109,13,3,3366.59,7,0
287,30,41,4,606.3,3,0
288,20,46,2,781.92,3,0
289,2177,4,28,186689.16,52,1
290,4,33,1,49.99,1,0
291,56,3,9,1342.64,7,0
292,1831,5,17,85888.68,54,1
293,2584,3,25,194548.55,58,1
294,52,46,1,981.24,1,0
295,142,20,5,1081.07,4,0
296,820,7,17,49656.4,52,1
297,56,34,6,1213.2,8,0
298,132,19,2,759.92,2,0
299,63,32,2,1430.52,2,0
300,273,5,12,3196.2,9,0
301,243,1,3,8459.7,7,0
302,86,10,5,1795.02,6,0
303,69,13,10,850.27,7,0
304,3,81,1,72.56,2,0
305,47,25,4,708.77,7,0
306,185,21,17,2688.48,9,0
307,449,3,12,21055.97,29,1
308,199,4,10,2551.91,8,1
309,1092,7,14,79058.43,42,1
310,888,4,14,53908.76,39,1
311,20,55,1,249.95,1,0
312,1009,7,27,29839.79,43,1
313,347,7,22,15631.86,18,1
314,10,42,1,56.03,1,0
315,200,55,3,1099.9,1,0
316,169,17,9,4478.65,17,0
317,194,3,13,4625.11,19,1
318,361,14,7,9695.37,12,0
319,1229,4,23,84738.19,58,1
320,108,6,3,3393.31,7,0
321,63,11,9,1042.45,6,0
322,365,10,7,21529.08,29,1
323,558,5,13,17884.42,35,1
324,23,16,1,641.86,2,0
325,231,7,11,7870.44,17,1
326,416,7,10,18893.61,23,1
327,735,4,10,38667.31,36,1
328,59,40,3,5002.08,10,0
329,288,5,10,7440.02,16,1
330,809,3,11,33928.58,25,1
331,206,25,5,2927.02,6,0
332,1165,3,7,76883.66,25,1
333,797,12,4,18690.46,10,0
334,638,3,9,38239.67,27,1
335,2181,2,39,62398.89,30,1
336,682,6,10,32927.37,25,1
337,693,4,16,31351.32,31,1
338,137,6,11,4313.06,11,0
339,30,87,1,193.23,1,0
340,12,74,1,130.47,1,0
341,64,14,3,2758.22,8,0
342,851,11,6,27152.31,10,0
343,462,4,21,11361.97,24,1
344,559,3,7,34635.08,21,1
345,420,13,3,3497.52,3,0
346,516,6,8,44667.22,23,1
347,12,47,1,247.94,2,0
348,50,6,1,506.82,2,0
349,1131,4,20,63703.52,49,1
350,616,6,15,39185.96,40,1
351,360,59,1,4949.55,2,0
352,522,3,24,21243.0,18,1
353,38,35,6,433.64,5,0
354,50,52,1,1025.16,2,0
355,366,4,21,11088.62,11,1
356,163,4,11,3299.13,8,1
357,298,4,25,5378.96,12,1
358,110,4,6,3813.61,14,0
359,16392,4,35,664926.51,100,1
360,59,18,4,3726.16,12,0
361,425,18,9,26582.44,16,1
362,1022,5,16,39409.47,40,1
363,922,52,3,88554.77,28,0
364,297,4,13,6474.4,10,1
365,99,18,6,2642.3,9,0
366,521,6,16,25645.91,26,1
367,576,1,3,40867.27,14,1
368,9,3,3,88.56,1,0
369,1137,4,24,97074.2,48,1
370,332,11,9,7422.11,17,0
371,54,3,2,2275.66,7,0
372,240,54,1,7439.4,1,0
373,824,3,27,32708.8,46,1
374,1248,5,19,93521.74,54,1
375,120,42,6,2187.76,9,0
376,444,3,21,11420.25,24,1
377,385,5,21,12742.92,23,1
378,532,5,15,36371.0,23,1
379,1504,1,7,165526.76,35,1
380,32,7,2,540.88,4,0
381,16,45,1,268.12,2,0
382,1497,9,19,102748.32,45,1
383,25,32,1,283.1,2,0
384,168,10,5,4111.39,11,0
385,1816,2,27,26988.78,33,1
386,318,77,1,2286.95,1,0
387,695,11,14,22351.99,33,1
388,175,5,11,6153.52,15,1
389,601,3,22,20533.99,19,1
390,74,11,10,979.88,6,0
391,186,5,9,7121.49,7,0
392,501,7,26,15946.84,18,1
393,681,4,26,40525.02,24,1
394,314,47,7,13519.64,21,0
395,4438,63,1,6166031.04,57,1
396,10,7,1,395.76,2,0
397,165,4,9,3953.35,8,0
398,193,2,9,3757.31,11,0
399,45822,4,15,32539936.23,130,2
400,61,35,2,3687.29,7,0
401,30,47,1,256.24,2,0
402,224,7,9,4270.27,8,0
403,873,3,24,9282.33,13,1
404,1566,1,4,169023.92,24,1
405,10,42,1,58.46,1,0
406,103,6,6,3486.62,8,0
407,81,32,2,1254.59,3,0
408,79,7,15,1550.04,5,0
409,18561,3,65,1118569.77,90,1
410,531,5,6,65949.45,21,1
411,126,7,8,2524.5,7,0
412,111,5,8,3603.23,9,0
413,453,3,9,25455.43,22,1
414,79,5,5,1445.92,7,0
415,9,54,1,59.25,1,0
416,257,5,11,10279.22,8,1
417,426,3,17,11221.6,13,1
418,791,5,19,56997.26,36,1
419,902,18,11,65904.96,37,1
420,383,7,17,18309.41,20,1
421,57,10,13,564.5,4,0
422,12,40,1,283.56,2,0
423,74,69,2,3956.3,12,0
424,653,5,18,24928.34,31,1
425,453,4,8,18616.23,15,1
426,451,4,15,19719.87,17,1
427,193,35,3,3040.86,7,0
428,1865,5,28,86601.45,59,1
429,462,5,18,20905.01,26,1
430,229,2,20,5995.59,10,1
431,24,87,1,463.84,2,0
432,128,5,6,2105.55,7,0
433,241,6,19,5052.0,9,1
434,74,49,4,1122.54,5,0
435,124,49,5,1810.72,6,0
436,74,6,30,1506.78,6,1
437,177,6,5,1553.46,6,0
438,1910,40,2,2422.77,8,0
439,14,48,4,126.07,3,0
440,586,2,35,25558.24,31,1
441,38,5,10,349.74,3,0
442,2239,11,18,188719.18,50,1
443,8,41,1,75.48,1,0
444,2698,6,8,18910.46,6,0
445,251,25,12,6396.41,12,0
446,234,3,18,6135.49,17,1
447,25,11,1,801.16,4,0
448,337,4,19,10834.76,20,1
449,323,13,12,8296.07,20,1
450,157,18,9,3905.25,12,0
451,90,7,9,2035.3,8,0
452,416,5,11,17686.6,27,1
453,448,66,2,40820.38,20,0
454,474,5,13,23913.99,24,1
455,16,32,3,281.0,4,0
456,286,4,14,2976.59,8,1
457,132,6,6,3168.52,17,0
458,50,14,2,356.75,2,0
459,26,13,3,489.99,3,0
460,266,5,6,21568.99,8,0
461,2880,3,9,11446.08,1,0
462,505,25,5,8007.42,5,0
463,15,42,2,689.94,5,0
464,226,5,8,4968.72,15,0
465,194,4,15,4965.93,18,1
466,6,14,1,49.99,1,0
467,130,3,12,2930.69,10,1
468,154,12,14,2645.32,9,0
469,376,6,14,21975.86,31,1
470,171,40,7,4858.63,9,0
471,870,33,10,4833.89,3,0
472,134,6,7,5241.53,14,0
473,183,5,12,4466.03,10,0
474,70,12,3,1661.71,4,0
475,12,5,1,107.4,1,0
476,432,4,21,23142.45,20,1
477,851,2,26,30530.76,13,1
478,336,75,1,6340.32,1,0
479,61,34,2,3290.22,8,0
480,5505,41,10,87831.89,15,1
481,380,6,13,16528.76,21,1
482,271,11,6,2905.96,6,0
483,92,10,2,871.2,3,0
484,171,19,4,7700.66,14,0
485,578,3,37,17547.96,27,1
486,370,7,12,21693.72,32,1
487,1557,3,11,79169.46,24,1
488,212,9,11,3593.68,17,0
489,47,7,5,776.72,4,0
490,155,4,19,4336.95,10,1
491,57,27,5,2288.13,10,0
492,36,14,3,322.2,2,0
493,30,10,1,203.1,1,0
494,10,33,2,381.8,2,0
495,360,9,8,31131.89,20,1
496,419,12,7,17589.11,16,0
497,96,2,7,5026.9,15,1
498,213,5,8,4177.31,14,0
499,63,21,3,1901.06,7,0
500,648,3,26,23444.79,40,1
501,903,4,26,47556.92,47,1
502,69,18,3,1050.7,7,0
503,346,4,22,9771.68,23,1
504,13,10,1,325.86,2,0
505,1559,2,16,76179.43,55,1
506,197,33,3,3230.55,4,0
507,132,6,11,4366.29,10,0
508,43,5,9,494.82,7,0
509,327,11,11,9974.5,16,1
510,292,7,19,10002.14,22,1
511,80,55,3,3372.32,5,0
512,9,4,3,284.41,4,0
513,885,5,17,57228.6,45,1
514,90,41,6,1678.71,6,0
515,76,5,8,878.37,6,0
516,1466,3,16,66393.86,58,1
517,191,77,1,33337.59,19,0
518,609,7,18,26350.22,28,1
519,849,11,6,22226.01,16,0
520,183,13,6,2669.25,5,0
521,1227,4,20,55441.15,53,1
522,257,3,9,11715.4,19,1
523,130,19,6,2640.09,5,0
524,437,7,22,7043.44,14,1
525,61,12,10,1216.07,6,0
526,373,40,2,8154.03,6,0
527,323,4,14,12431.73,16,1
528,173,13,9,4463.7,7,0
529,738,4,13,41817.35,32,1
530,85,7,9,1401.02,8,0
531,209,5,17,6589.21,14,1
532,278,4,14,9236.72,27,1
533,181,11,8,2517.43,4,0
534,997,6,15,54749.65,48,1
535,240,47,4,3199.9,5,0
536,110,66,2,2644.88,5,0
537,484,4,10,15494.56,19,1
538,335,10,8,2635.55,6,0
539,520,7,18,12967.55,25,1
540,210,4,1,6576.8,2,0
541,588,12,6,8729.42,5,0
542,618,5,18,8798.27,13,1
543,404,2,16,7054.33,12,1
544,747,6,3,22024.01,9,0
545,1049,1,3,110299.82,18,1
546,12,5,1,264.2,2,0
547,371,5,1,57359.56,47,1
548,36,47,1,617.98,2,0
549,92,3,11,1157.63,6,0
550,262,19,13,6926.8,15,1
551,571,3,11,26524.78,17,1
552,373,4,11,10900.52,13,1
553,80,7,6,2849.74,10,0
554,1068,4,11,11399.2,9,1
555,60,5,7,1128.76,7,0
556,8,52,1,58.58,1,0
557,28,7,11,483.04,5,0
558,12,4,1,99.98,1,0
559,188,5,20,2713.91,9,1
560,140,13,4,5017.42,12,0
561,30,55,1,119.23,1,0
562,320,54,2,8055.23,3,0
563,92,5,11,1935.21,5,0
564,110,7,9,2622.74,10,0
565,120,42,1,436.74,1,0
566,694,5,19,28333.53,25,1
567,994,6,9,65287.82,36,1
568,23,80,2,145.87,2,0
569,22,46,4,476.8,3,0
570,372,19,9,10103.49,13,0
571,21,19,2,119.98,2,0
572,28,25,2,355.99,2,0
573,852,5,15,39359.08,38,1
574,895,4,15,126093.42,49,1
575,185,6,14,3414.97,8,0
576,72,9,2,3528.72,7,0
577,725,3,15,32153.13,36,1
578,180,5,5,25266.34,25,1
579,965,5,18,34462.52,38,1
580,2,21,2,15.78,1,0
581,385,32,7,19272.65,12,0
582,91,7,9,2187.29,12,0
583,8,28,1,362.24,2,0
584,2580,4,4,54926.53,4,1
585,898,11,5,28946.64,11,0
586,26,3,2,212.14,2,0
587,64,39,4,648.89,2,0
588,401,18,6,8114.24,12,0
589,194,2,5,12489.9,13,1
590,148,12,14,1836.72,10,0
591,107,6,8,4001.15,7,0
592,42424,2,69,4913887.25,105,2
593,612,7,11,44265.86,36,1
594,1176,33,13,21438.76,31,1
595,46,18,8,723.82,9,0
596,641,5,23,21728.42,19,1
597,182,20,10,3786.27,15,0
598,693,5,16,25026.56,30,1
599,533,2,21,9173.21,11,1
600,422,4,11,17958.07,34,1
601,13,6,2,54.55,2,0
602,266,5,15,14625.99,20,1
603,15,70,1,8.22,1,0
604,12,56,1,113.22,1,0
605,226,42,2,29800.0,23,0
606,308,9,21,12031.19,20,1
607,300,4,2,6999.14,3,0
608,851,2,13,36543.55,22,1
609,23,28,3,214.02,3,0
610,82,13,7,1308.4,5,0
611,334,27,10,3516.8,8,0
612,348,3,10,22681.99,17,1
613,802,4,14,42685.6,25,1
614,6,3,1,59.04,1,0
615,59,33,3,1253.43,4,0
616,153,21,8,2219.76,9,0
617,154,6,4,1821.44,5,0
618,16,6,4,476.17,2,0
619,100,53,1,389.75,1,0
620,295,7,10,5459.98,8,0
621,501,4,11,34773.63,29,1
622,319,5,12,9566.5,7,1
623,609,9,2,75576.31,20,0
624,249,6,1,33891.9,21,1
625,409,3,22,13890.79,12,1
626,829,5,12,47589.88,27,1
627,6,25,1,49.99,1,0
628,306,3,20,2669.32,10,1
629,1788,4,16,24040.96,16,1
630,12,3,2,69.34,2,0
631,180,6,12,6622.84,16,1
632,16,58,1,337.2,3,0
633,356,5,20,11757.76,25,1
634,155,12,8,5097.82,9,0
635,374,7,19,7470.72,7,1
636,117,45,2,1347.36,3,0
637,37,34,1,2353.96,4,0
638,419,12,3,47288.16,28,1
639,297,4,17,7056.07,7,1
640,108,13,6,3748.34,13,0
641,960,5,3,5359.8,2,0
642,270,7,12,17550.35,18,1
643,18,48,2,856.47,2,0
644,85,13,4,2494.91,9,0
645,38,39,4,355.96,3,0
646,26,89,1,259.56,2,0
647,202,4,10,3925.34,13,1
648,417,42,7,26944.74,20,0
649,268,5,4,8330.38,6,0
650,14,5,5,190.7,5,0
651,4583,1,62,146783.76,41,1
652,3564,4,36,132322.71,33,1
653,224,10,4,18670.41,16,0
654,255,48,2,1334.37,2,0
655,495,6,18,14419.81,33,1
656,153,10,4,2103.76,7,0
657,396,7,12,15963.75,18,1
658,498,7,24,18689.9,24,1
659,111,3,7,3041.54,13,0
660,298,10,17,7018.58,8,1
661,711,3,11,56469.19,44,1
662,578,6,13,26605.82,32,1
663,82,2,8,1215.63,5,0
664,4,61,1,37.74,1,0
665,272,6,13,7558.83,13,1
666,369,18,16,13630.23,22,1
667,465,3,12,20418.93,18,1
668,2811,3,55,51545.76,40,1
669,62,42,8,1253.38,7,0
670,8,25,1,96.98,1,0
671,567,4,13,9852.13,19,1
672,661,3,11,23325.34,19,1
673,1648,5,16,161603.86,47,1
674,188,5,12,7667.15,8,1
675,323,1,3,12149.47,8,0
676,366,7,12,21566.29,19,1
677,44,35,4,385.94,3,0
678,1711,12,16,128976.58,50,1
679,797,6,11,13192.55,13,1
680,42583,2,61,6538312.08,100,2
681,2,73,1,37.18,1,0
682,24,73,1,429.6,2,0
683,190,69,1,3568.1,2,0
684,282,6,18,8242.13,14,1
685,61,3,8,2173.11,7,0
686,35,3,5,741.39,6,0
687,82,41,3,2460.26,5,0
688,6630,4,26,286682.22,80,1
689,655,5,14,36381.7,34,1
690,20,54,1,573.66,3,0
691,374,2,32,20572.07,17,1
692,554,21,15,17710.41,21,1
693,429,3,10,13845.82,25,1
694,18,11,2,192.42,2,0
695,41,17,4,894.8,7,0
696,49,14,7,373.6,3,0
697,417,7,9,24404.75,23,1
698,177,5,14,2291.94,11,0
699,94,55,2,2451.87,4,0
700,536,5,13,24344.84,25,1
701,355,7,13,7441.68,11,0
702,154,10,4,2921.74,8,0
703,87,56,5,1863.75,6,0
704,2963,3,41,71831.96,43,1
705,300,4,2,6999.14,3,0
706,52,12,6,1131.18,6,0
707,153,13,13,2812.06,21,0
708,72,5,11,2695.89,9,0
709,58,40,5,560.23,6,0
710,49,5,7,585.05,7,0
711,410,6,15,12652.32,37,1
712,540,16,14,22534.92,14,1
713,212,3,11,5591.82,15,1
714,931,5,13,31876.83,38,1
715,194,5,8,6583.0,13,0
716,799,11,7,13767.12,15,0
717,12,6,2,182.24,2,0
718,148,7,15,2974.93,12,0
719,69,4,6,3292.09,9,0
720,303,7,5,3701.02,9,0
721,50,35,3,2706.79,7,0
722,30,88,1,427.66,2,0
723,54,2,3,1036.29,3,0
724,294,6,12,17959.06,25,1
725,39,24,4,689.98,7,0
726,607,6,14,9282.66,15,1
727,151,10,10,2500.82,12,0
728,68,2,6,595.58,2,0
729,2684,46,4,39361.26,7,0
730,100,3,2,565.69,2,0
731,946,10,17,28362.6,23,1
732,59,30,11,1214.61,8,0
733,61,12,10,1216.07,6,0
734,81,5,2,1303.58,4,0
735,437,11,8,19620.17,24,1
736,954,3,26,19262.05,32,1
737,139,7,14,3339.0,8,0
738,143,7,3,3724.87,6,0
739,101,9,4,1965.65,8,0
740,90,3,10,3868.92,12,1
741,284,7,11,12529.15,15,1
742,4,3,1,37.74,1,0
743,1169,6,11,83941.07,43,1
744,877,3,13,41848.83,40,1
745,432,1,3,13924.72,10,0
746,1255,5,14,43522.34,45,1
747,78,4,8,1275.44,7,0
748,499,4,24,30801.35,24,1
749,243,5,12,8967.4,21,1
750,270,7,19,8006.09,15,1
751,72,6,9,2246.53,11,0
752,204,17,7,4669.45,16,0
753,35,3,14,483.92,4,0
754,300,4,2,6999.14,3,0
755,65,7,11,904.14,7,0
756,300,4,2,6999.14,3,0
757,10,25,1,56.03,1,0
758,839,5,13,64598.08,21,1
759,1386,4,29,50410.74,39,1
760,352,18,2,13366.85,12,0
761,29,7,7,415.96,4,0
762,1259,3,9,67930.2,31,1
763,35,2,16,718.11,7,1
764,99,5,2,4103.49,7,0
765,643,12,13,47816.01,38,1
766,680,51,1,3399.66,1,0
767,115,2,11,3170.0,11,1
768,572,7,10,43445.58,42,1
769,90,41,6,1589.2,11,0
770,245,11,4,20805.98,21,0
771,749,5,13,45893.69,24,1
772,2290,2,27,146511.19,37,1
773,1113,6,18,57805.32,30,1
774,53,21,9,1323.2,8,0
775,749,35,7,18613.41,14,0
776,713,5,13,44982.08,38,1
777,1464,5,13,110315.39,38,1
778,1301,4,13,108995.11,50,1
779,66,5,7,2775.94,6,0
780,12,33,2,126.14,2,0
781,1352,5,15,62524.44,47,1
782,304,6,10,5452.0,11,0
783,468,4,22,12570.79,18,1
784,639,4,29,16012.14,14,1
785,13,4,2,239.32,2,0
786,24,43,1,195.06,1,0
787,44,5,4,1145.18,6,0
788,244,4,18,4869.39,18,1
789,86,10,13,1389.97,10,0
790,10,35,1,191.52,2,0
791,235,7,9,4377.9,4,0
792,161,62,3,3226.87,6,0
793,75,24,3,1360.17,5,0
794,73,6,4,2032.24,7,0
795,1723,4,29,15160.78,27,1
796,1238,3,34,24602.59,44,1
797,77,5,6,1241.98,6,0
798,390,47,3,2240.72,3,0
799,560,7,14,27237.69,32,1
800,364,3,17,10805.85,27,1
801,751,14,16,29301.48,30,1
802,40,12,1,2870.8,3,0
803,40,59,1,247.98,1,0
804,78,87,1,2844.18,6,0
805,170,14,3,1825.74,6,0
806,5,58,1,191.7,2,0
807,187,11,12,6793.07,15,1
808,868,3,22,46744.22,44,1
809,6,49,1,49.99,1,0
810,216,47,2,2068.02,3,0
811,17,23,2,593.44,4,0
812,323,6,10,10230.92,10,1
813,1028,7,13,82215.45,55,1
814,244,2,12,8753.54,21,1
815,59,5,4,1031.92,4,0
816,62,5,6,554.03,5,0
817,1376,3,33,73409.21,53,1
818,1764,7,17,93410.59,60,1
819,381,5,12,9793.63,8,1
820,93,7,9,4375.47,14,0
821,1085,5,12,87560.52,39,1
822,652,2,20,19712.18,18,1
823,444,3,23,10238.08,15,1
824,21,42,2,1208.89,6,0
825,546,5,15,36921.52,24,1
826,1274,3,15,71580.38,48,1
827,88,52,4,1526.73,5,0
828,27786,12,15,8145307.54,94,2
829,132,32,2,5728.32,5,0
830,250,2,15,6976.49,18,1
831,448,21,6,2868.52,6,0
832,106,5,10,1720.64,7,0
833,263,5,13,9835.83,8,1
834,1432,5,15,137346.24,32,1
835,2652,25,8,68881.43,5,0
836,294,14,10,13095.87,20,1
837,133,6,8,1969.6,6,0
838,106,6,8,5215.4,11,0
839,3021,6,19,244349.05,65,1
840,213,12,6,7665.88,17,0
841,15,10,1,278.85,1,0
842,213,12,10,7188.65,22,1
843,220,6,9,9481.37,9,0
844,192,4,19,3791.97,13,1
845,18,47,2,161.1,1,0
846,1478,4,24,90326.14,56,1
847,75,49,8,874.25,7,0
848,355,5,13,13288.95,23,1
849,375,6,9,16475.31,8,0
850,41,5,9,705.26,7,0
851,151,20,3,3568.77,4,0
852,102,3,6,1914.9,8,0
853,1767,5,22,97272.49,60,1
854,188,6,17,6303.24,9,1
855,15,76,1,70.39,1,0
856,728,5,16,32955.25,34,1
857,140,10,7,4532.66,9,0
858,527,4,9,58293.79,34,1
859,120,4,3,812.4,1,0
860,1881,5,16,105506.26,59,1
861,573,5,9,64052.41,31,1
862,829,4,24,20503.36,15,1
863,827,6,17,47474.76,26,1
864,377,59,4,3966.05,6,0
865,451,10,12,21288.87,27,1
866,636,5,9,28069.56,38,1
867,25428,34,7,142547.06,7,0
868,1,32,1,7.89,1,0
869,580,4,18,14664.93,31,1
870,148,7,11,3639.95,13,0
871,653,6,12,31333.94,15,1
872,64,13,12,1060.49,7,0
873,1259,7,17,52100.2,43,1
874,356,3,24,9277.15,13,1
875,150,5,6,3720.72,4,0
876,10,17,2,197.88,2,0
877,355,4,13,22050.02,15,1
878,42397,3,52,779346.49,98,2
879,300,4,2,6999.14,3,0
880,78,48,4,3660.77,8,0
881,300,4,2,6999.14,3,0
882,30,6,3,892.01,8,0
883,781,4,10,39485.52,35,1
884,4,17,1,37.74,1,0
885,1100,2,28,52876.97,41,1
886,33,32,6,651.37,5,0
887,246,1,3,10788.36,8,0
888,168,3,2,10348.39,11,0
889,77,5,8,1588.25,7,0
890,189,17,5,1307.49,5,0
891,72,11,2,1231.36,4,0
892,39,13,2,1208.82,4,0
893,636,4,21,21218.35,30,1
894,1070,48,4,110996.1,39,1
895,130,4,4,1805.7,7,0
896,762,5,18,27480.2,33,1
897,309,7,9,26561.31,26,1
898,430,3,14,9691.09,12,1
899,160,2,12,1826.9,4,0
900,407,3,8,18689.3,19,1
901,113,33,7,2853.13,8,0
902,160,84,1,1509.6,1,0
903,8,39,1,58.58,1,0
904,137,5,7,6971.09,14,0
905,91,77,1,7312.23,9,0
906,682,5,14,28299.73,29,1
907,68,3,4,1765.06,9,0
908,1106,7,20,76640.95,55,1
909,242,7,16,3942.26,13,0
910,402,4,37,10581.29,14,1
911,82,41,3,2460.26,5,0
912,180,63,1,3196.5,2,0
913,310,6,16,8161.62,11,1
914,158,46,4,1697.56,4,0
915,1342,3,24,64935.49,55,1
916,980,3,16,38342.38,36,1
917,126,5,7,4173.97,12,0
918,190,3,8,10416.61,15,1
919,204,7,11,8821.47,13,0
920,89,28,5,2508.17,7,0
921,305,2,18,6989.82,12,1
922,14,47,1,223.64,2,0
923,124,4,10,3114.92,10,1
924,352,3,13,8001.38,18,1
925,230,4,6,8846.23,14,1
926,243,7,18,6652.88,23,1
927,143,23,2,7033.32,10,0
928,130,21,4,9006.19,12,0
929,1277,6,26,66846.79,41,1
930,268,6,3,2000.76,3,0
931,72,19,5,646.65,7,0
932,100,12,8,3086.02,10,0
933,3851,3,31,233777.88,41,1
934,169,9,12,3301.53,10,0
935,28,12,5,737.9,5,0
936,124,10,11,3399.75,7,0
937,1460,3,10,65198.32,45,1
938,726,4,14,14903.21,21,1
939,144,3,1,695.76,1,0
940,13,87,1,298.35,3,0
941,37692,11,5,19508751.9,109,2
942,10,17,5,159.33,3,0
943,273,3,35,3827.59,15,1
944,262,13,11,8513.0,7,0
945,395,6,14,17208.6,23,1
946,353,7,19,10957.61,27,1
947,90,11,13,8631.27,23,1
948,146,4,10,1076.9,5,0
949,10,21,2,112.66,2,0
950,1401,12,15,167885.56,55,1
951,192,4,21,3447.44,11,1
952,189,1,3,6876.27,5,0
953,60,5,1,299.97,1,0
954,642,4,13,21839.95,30,1
955,158,7,19,2841.52,15,1
956,390,4,16,15809.28,22,1
957,243,23,11,11247.9,21,0
958,194,4,6,3804.65,10,0
959,62,48,2,235.6,1,0
960,986,5,13,55384.84,40,1
961,307,10,21,9710.89,26,1
962,492,3,24,12157.08,37,1
963,60,10,8,1273.4,8,0
964,20,61,1,112.06,1,0
965,266,2,13,4043.96,6,1
966,400,74,1,1880.8,1,0
967,21,17,14,395.19,5,0
968,313,28,10,19130.5,28,1
969,1,32,1,7.29,1,0
970,197,11,16,2377.08,15,1
971,699,3,11,31420.29,19,1
972,391,10,22,11226.3,18,1
973,705,7,19,25141.43,36,1
974,1306,42,7,176922.55,32,1
975,202,3,26,3318.11,13,1
976,15,3,1,70.39,1,0
977,135,7,6,2822.96,8,0
978,1465,3,20,119739.13,41,1
979,3,75,1,73.47,1,0
980,110,4,11,2338.45,10,1
981,508,6,18,21756.97,28,1
982,217,4,15,6566.83,14,1
983,914,5,19,47947.85,36,1
984,141,13,5,803.34,5,0
985,385,6,14,7040.68,16,1
986,204,11,2,7303.2,4,0
987,195,53,5,9492.33,3,0
988,176,1,3,6611.06,8,0
989,170,4,12,4606.59,15,1
990,168,13,7,3126.58,7,0
991,1230,5,33,50437.95,29,1
992,89,2,20,2293.18,7,1
993,176,34,8,14005.62,19,0
994,628,6,12,37634.5,16,1
995,1012,6,13,49065.75,32,1
996,415,12,5,20737.35,20,0
997,62,4,5,1514.38,10,0
998,99,5,4,4879.3,10,0
999,28,5,5,263.72,2,0
1000,196,6,10,2258.38,5,0
1001,153,4,12,2021.12,8,1
1002,263,7,22,5131.0,20,1
1003,77,3,9,1626.9,5,0
1004,6,32,1,59.04,1,0
1005,101,5,7,4327.82,11,0
1006,647,2,19,24822.38,23,1
1007,391,3,12,12183.13,24,1
1008,18,4,2,413.28,3,0
1009,870,3,24,38000.18,33,1
1010,1106,7,14,98750.65,56,1
1011,515,10,7,31714.6,31,1
1012,97,5,9,2268.02,12,0
1013,413,11,9,32792.93,26,1
1014,8,55,1,75.48,1,0
1015,894,3,18,31481.53,41,1
1016,20,56,1,188.7,1,0
1017,158,24,9,3184.62,9,0
1018,1832,4,37,54592.49,58,1
1019,73,14,7,1117.58,7,0
1020,269,6,9,9854.03,15,1
1021,293,20,4,25942.7,12,0
1022,212,16,11,3999.01,14,0
1023,488,12,15,25444.51,19,1
1024,785,2,25,48644.0,40,1
1025,252,2,7,11392.71,23,1
1026,8,48,1,75.48,1,0
1027,227,11,5,2316.7,7,0
1028,80,25,5,768.58,2,0
1029,1512,18,13,85145.21,40,1
1030,15,10,1,278.85,1,0
1031,564,3,9,33983.72,21,1
1032,235,10,15,6655.41,19,1
1033,231,30,7,9238.58,13,0
1034,286,3,8,7986.46,18,1
1035,244,2,13,7112.0,17,1
1036,203,4,12,7528.02,17,1
1037,50,91,1,1341.87,3,0
1038,1122,4,17,95439.7,37,1
1039,465,7,16,33621.13,14,1
1040,176,18,4,1672.88,2,0
1041,78,4,4,1469.1,4,0
1042,169,4,5,3830.8,12,0
1043,976,5,19,96728.61,49,1
1044,192,25,9,6048.68,9,0
1045,60,42,1,1074.0,2,0
1046,97,5,24,1467.54,6,1
1047,8614,3,32,162014.88,49,1
1048,553,6,19,28819.56,19,1
1049,246,3,15,5858.7,25,1
1050,89,34,3,6725.17,8,0
1051,133,4,12,2416.52,18,1
1052,76,46,2,1315.12,5,0
1053,62,45,3,1227.16,4,0
1054,327,5,19,9823.36,9,1
1055,162,3,12,4452.96,11,1
1056,158,5,6,8108.84,13,0
1057,15,32,9,248.31,3,0
1058,2793,3,36,97813.02,40,1
1059,100,4,8,781.14,5,0
1060,30,51,2,665.25,5,0
1061,217,2,13,5909.07,20,1
1062,700,2,17,17014.43,18,1
1063,979,1,3,113190.15,23,1
1064,2089,6,23,42282.5,30,1
1065,50,44,3,1165.04,6,0
1066,291,6,8,8737.86,14,0
1067,7744,4,25,381228.3,85,1
1068,228,53,5,13096.14,13,0
1069,628,5,15,24569.16,38,1
1070,475,4,12,23768.47,34,1
1071,26,51,2,444.21,4,0
1072,270,5,9,8038.11,12,0
1073,6615,63,1,112525.56,1,0
1074,366,35,6,20434.58,22,0
1075,240,9,16,5348.36,9,0
1076,418,11,10,5261.06,7,0
1077,117,3,5,1669.98,6,0
1078,114,11,6,6975.28,14,0
1079,144,5,7,2206.99,13,0
1080,46,32,2,2872.58,7,0
1081,13,16,3,163.33,3,0
1082,30,5,3,737.92,3,0
1083,10,44,2,56.03,1,0
1084,272,4,21,10164.34,20,1
1085,338,3,18,9953.41,22,1
1086,440,4,11,13196.09,34,1
1087,225,16,7,11653.89,26,1
1088,90,45,1,422.34,1,0
1089,149,5,5,2851.55,12,0
1090,1263,6,14,110135.77,53,1
1091,315,1,3,10620.18,7,0
1092,258,1,2,20117.64,12,0
1093,176,56,3,2385.92,4,0
1094,497,11,11,42589.55,26,1
1095,132,47,3,4405.83,1,0
1096,36,11,4,525.56,4,0
1097,199,6,17,4413.81,14,1
1098,80,35,5,1828.36,6,0
1099,1348,5,19,56425.56,42,1
1100,1339,4,12,134069.6,52,1
1101,8,23,2,79.28,2,0
1102,311,6,15,4327.48,9,1
1103,262,13,11,8513.0,7,0
1104,338,74,3,14641.83,17,0
1105,220,3,8,6380.17,9,1
1106,134,35,3,20186.64,24,0
1107,4,41,1,49.99,1,0
1108,64,5,15,1106.94,5,0
1109,48,46,3,644.4,2,0
1110,1193,3,13,40797.78,19,1
1111,818,5,10,69127.49,40,1
1112,1423,33,11,36207.39,28,1
1113,159,5,11,5986.9,11,1
1114,48,51,1,1034.76,2,0
1115,112,10,4,3237.85,12,0
1116,28,20,3,353.81,4,0
1117,30,20,1,169.0,1,0
1118,10,33,1,78.9,1,0
1119,9218,3,19,504995.78,9,1
1120,140,39,11,1454.78,3,0
1121,207,1,2,7168.8,6,0
1122,712,4,18,20274.49,32,1
1123,15707,2,75,2572371.81,26,1
1124,155,14,2,11225.2,15,0
1125,397,4,14,7659.55,14,1
1126,849,5,12,63934.51,36,1
1127,56,4,6,872.4,8,0
1128,52,65,1,1319.61,3,0
1129,5034,3,18,191631.99,5,1
1130,84,41,2,1048.08,2,0
1131,57175,1,77,27594022.24,139,2
1132,30,9,3,455.58,4,0
1133,362,4,12,8510.43,29,1
1134,432,5,5,4374.06,4,0
1135,232,5,10,2758.86,9,0
1136,1321,4,20,97847.34,55,1
1137,360,5,1,3196.2,2,0
1138,450,13,8,21473.15,12,0
1139,6,33,4,90.04,4,0
1140,1356,27,8,13511.25,5,0
1141,24,18,2,343.6,2,0
1142,1459,3,5,43863.91,9,1
1143,36,5,1,243.72,1,0
1144,18,54,1,363.9,2,0
1145,3193,1,50,85187.16,39,1
1146,87,3,9,904.23,9,0
1147,1082,4,25,44046.26,49,1
1148,382,14,3,16046.28,13,0
1149,2191,7,35,55522.8,34,1
1150,480,59,1,18115.2,1,0
1151,12,18,1,80.92,1,0
1152,293,7,17,9604.72,26,1
1153,1737,1,3,288184.81,31,1
1154,373,21,7,11470.05,15,0
1155,114,5,10,1149.64,5,0
1156,310,2,13,7992.37,19,1
1157,12,25,1,113.22,1,0
1158,36,19,2,333.84,2,0
1159,2246,2,38,74885.76,28,1
1160,1089,10,5,10194.42,4,0
1161,36,68,2,400.88,4,0
1162,432,10,24,8707.73,19,1
1163,302,4,20,5958.22,22,1
1164,300,56,1,1061.0,1,0
1165,821,2,26,44719.84,50,1
1166,128,47,2,2576.78,5,0
1167,45,2,8,1141.25,7,0
1168,267,3,5,15188.27,18,1
1169,661,3,7,14880.97,4,0
1170,297,2,16,6849.99,18,1
1171,151,11,5,3891.41,9,0
1172,1380,7,14,42870.28,43,1
1173,129,21,5,5066.4,11,0
1174,3575,1,58,173280.71,47,1
1175,856,3,30,21112.61,14,1
1176,10675,2,60,635018.85,71,1
1177,135,48,3,8127.54,15,0
1178,201,6,6,2549.52,7,0
1179,3,66,1,55.77,1,0
1180,1565,3,28,40911.66,27,1
1181,15,23,6,277.98,4,0
1182,104,4,3,2134.99,3,0
1183,3629,2,59,120064.01,35,1
1184,607,10,10,33984.16,35,1
1185,133,45,5,3967.56,10,0
1186,15,32,1,278.85,1,0
1187,341,7,16,16562.91,16,1
1188,653,3,16,32147.22,44,1
1189,125,11,3,1405.94,4,0
1190,198,12,3,16733.52,18,0
1191,196,4,13,5602.71,14,1
1192,153,5,10,3675.1,12,0
1193,80,10,8,1667.75,3,0
1194,7249,3,20,179399.24,24,1
1195,50,2,12,698.14,2,0
1196,355,3,19,8680.32,13,1
1197,362,4,6,35609.73,26,1
1198,441,1,3,21790.37,10,0
1199,823,3,24,43845.59,24,1
1200,48,6,12,1239.02,5,0
1201,114,13,12,1782.13,9,0
1202,24,49,2,402.11,2,0
1203,259,7,15,10074.93,26,1
1204,635,3,13,61436.34,30,1
1205,246,10,12,3554.5,12,0
1206,90,34,4,939.96,3,0
1207,153,62,3,2783.03,6,0
1208,697,6,17,16065.55,29,1
1209,27682,2,60,1816338.45,106,2
1210,231,17,5,12382.92,23,0
1211,12,46,1,149.97,1,0
1212,54,3,6,1763.16,9,0
1213,103,49,3,4624.93,12,0
1214,176,4,11,5954.4,8,1
1215,210,14,8,4714.65,3,0
1216,76,17,15,2766.59,10,0
1217,216,1,3,7238.85,7,0
1218,3561,2,50,89848.64,39,1
1219,1423,5,16,56260.78,50,1
1220,1748,5,16,101269.56,44,1
1221,1572,5,18,77353.24,47,1
1222,3608,6,20,287439.87,57,1
1223,173,11,3,12375.18,14,0
1224,467,4,19,23231.79,34,1
1225,228,48,5,12388.08,15,0
1226,86,6,12,1806.92,10,0
1227,7419,3,15,943458.01,77,1
1228,349,3,6,7414.83,10,1
1229,894,13,10,67585.87,36,1
1230,927,1,3,98155.77,18,1
1231,19,17,1,216.26,2,0
1232,28,47,1,520.52,1,0
1233,43,40,1,489.94,2,0
1234,168,3,11,4049.6,12,1
1235,271,6,5,34804.07,23,1
1236,23,7,5,384.42,4,0
1237,29,46,1,1252.96,4,0
1238,22,4,3,271.54,3,0
1239,141,4,11,4852.78,10,1
1240,957,4,4,176281.29,69,1
1241,278,11,5,2556.17,4,0
1242,457,3,14,11091.38,18,1
1243,174,13,7,2507.23,8,0
1244,142,7,15,2685.86,19,1
1245,12,47,1,223.08,1,0
1246,70,24,3,3696.18,9,0
1247,25953,3,64,2194894.59,101,2
1248,12,79,1,74.72,1,0
1249,93,13,9,1941.71,7,0
1250,119,20,6,3288.04,10,0
1251,352,6,8,6416.18,11,0
1252,118,6,10,4738.58,12,0
1253,913,33,5,132177.97,44,1
1254,24,80,1,299.94,1,0
1255,1036,4,20,15915.57,19,1
1256,61,25,4,1328.62,7,0
1257,228,3,12,6624.62,18,1
1258,876,14,18,26219.78,26,1
1259,615,5,18,14324.23,12,1
1260,283,3,14,3792.01,14,1
1261,196,7,10,9977.94,17,1
1262,381,5,12,9793.63,8,1
1263,6,11,2,135.84,2,0
1264,269,4,16,6786.19,7,1
1265,40,4,2,377.4,1,0
1266,85,40,3,1112.87,5,0
1267,102,7,15,2528.28,13,0
1268,127,18,6,5349.72,10,0
1269,57,11,6,1900.89,9,0
1270,292,2,33,11103.09,11,1
1271,390,35,3,8360.04,6,0
1272,227,7,10,8096.89,15,1
1273,46114,2,62,6978490.74,104,2
1274,90,7,7,1354.37,6,0
1275,405,3,12,13483.56,27,1
1276,1859,4,20,125824.36,55,1
1277,17,49,4,152.65,3,0
1278,4,17,1,69.96,1,0
1279,1308,1,3,138337.02,19,1
1280,655,6,18,20859.74,14,1
1281,2,54,1,37.18,1,0
1282,3012,6,33,79086.96,50,1
1283,232,6,9,3958.93,11,0
1284,220,63,2,1166.65,2,0
1285,4,60,1,43.49,1,0
1286,150,4,10,4529.83,13,1
1287,8,72,1,142.32,3,0
1288,6051,3,58,161900.94,58,1
1289,193,47,2,6854.72,10,0
1290,180,4,2,14647.78,18,1
1291,88,4,8,787.1,3,0
1292,20,7,1,753.56,4,0
1293,262,18,6,4889.27,13,0
1294,1,79,1,17.49,1,0
1295,94,10,8,1785.74,10,0
1296,123,2,7,2177.59,7,0
1297,330,12,23,33215.65,19,1
1298,216,4,12,10955.78,20,1
1299,118,7,10,2886.37,13,0
1300,107,6,9,1645.91,13,0
1301,751,12,9,50654.0,30,1
1302,42,62,1,283.22,1,0
1303,227,5,17,8104.07,20,1
1304,372,5,24,13929.84,16,1
1305,233,33,8,4490.89,13,0
1306,1551,1,3,181807.95,23,1
1307,104,14,5,2976.89,7,0
1308,745,5,13,35350.48,45,1
1309,96,4,14,1461.63,12,1
1310,609,14,12,18388.8,27,1
1311,392,12,8,19389.98,17,0
1312,1140,10,8,101726.49,33,1
1313,109,42,2,1607.96,5,0
1314,70,11,4,1717.52,11,0
1315,476,5,12,19531.34,21,1
1316,90,6,7,1208.69,11,0
1317,4785,54,5,35405.22,6,0
1318,12227,3,20,511021.63,73,1
1319,112,4,6,2074.17,6,0
1320,446,2,14,11014.94,24,1
1321,377,11,6,4695.17,7,0
1322,497,5,8,27438.85,27,1
1323,829,2,26,25412.83,28,1
1324,156,17,13,1396.2,2,0
1325,891,5,8,58022.74,31,1
1326,1477,7,19,71974.59,43,1
1327,1661,3,20,119669.42,65,1
1328,317,4,33,4046.29,15,1
1329,147,5,11,1459.17,4,0
1330,5,6,1,39.45,1,0
1331,12,42,2,118.97,2,0
1332,191,3,11,3987.51,10,1
1333,382,4,24,7963.71,12,1
1334,211,5,10,5799.93,18,1
1335,36,49,2,470.96,4,0
1336,128,10,5,4011.51,12,0
1337,828,3,11,66597.32,43,1
1338,152,29,10,2058.72,5,0
1339,52355,1,77,22862940.66,136,2
1340,1271,5,19,59923.91,34,1
1341,43,42,4,900.16,5,0
1342,931,41,9,18649.58,16,0
1343,1138,6,1,63811.68,17,1
1344,1266,2,28,24276.93,23,1
1345,3144,5,25,114931.19,45,1
1346,10457,2,56,477034.56,52,1
1347,330,7,26,5022.29,14,0
1348,18,18,3,263.12,3,0
1349,27,75,1,340.74,2,0
1350,85,19,5,1007.16,7,0
1351,1368,7,22,46861.17,47,1
1352,660,4,13,31564.75,32,1
1353,10,3,1,191.52,2,0
1354,153,19,6,2172.26,7,0
1355,22,10,2,272.21,3,0
1356,1326,4,21,77877.76,43,1
1357,1825,7,29,63204.93,54,1
1358,555,67,1,304.14,1,0
1359,143,59,3,2234.23,6,0
1360,204,34,4,2698.06,6,0
1361,50,41,2,239.75,2,0
1362,464,3,17,14115.21,12,1
1363,68,18,2,1164.35,4,0
1364,106,35,4,1128.85,4,0
1365,181,5,10,6341.64,15,1
1366,179,7,15,7146.91,12,1
1367,246,2,31,3711.96,16,1
1368,987,5,21,31819.47,49,1
1369,10,54,1,78.9,1,0
1370,1477,13,10,43428.75,29,1
1371,67,17,6,1598.56,8,0
1372,203,5,7,5476.07,15,0
1373,131,28,12,2873.77,13,0
1374,16,14,2,160.33,3,0
1375,285,3,8,3812.63,7,0
1376,8,4,1,75.48,1,0
1377,1030,3,14,106719.83,42,1
1378,316,9,14,5657.13,9,0
1379,806,10,9,51309.03,38,1
1380,20,80,2,145.8,1,0
1381,158,5,19,5582.06,11,1
1382,1906,53,6,18890.2,4,0
1383,300,4,2,6999.14,3,0
1384,773,4,23,31336.24,34,1
1385,224,20,8,3379.31,14,0
1386,102,24,2,435.57,2,0
1387,485,3,11,27219.37,20,1
1388,607,7,20,28018.54,30,1
1389,8,23,1,75.48,1,0
1390,148,27,13,1828.48,7,0
1391,137,34,5,3990.26,8,0
1392,977,7,14,54920.28,11,1
1393,490,3,3,2415.63,3,0
1394,182,10,5,3889.46,10,0
1395,29,60,2,805.56,4,0
1396,40,20,2,237.15,2,0
1397,111,6,12,1340.0,10,0
1398,287,3,6,15207.42,14,1
1399,775,6,13,51426.47,25,1
1400,502,4,12,34719.01,27,1
1401,72,5,1,1333.08,4,0
1402,411,5,12,19906.64,29,1
1403,484,3,31,10711.09,14,1
1404,30,23,1,1520.24,4,0
1405,368,12,14,20003.07,28,1
1406,840,1,3,69241.9,12,1
1407,513,6,13,17652.32,25,1
1408,1708,7,34,60958.29,40,1
1409,105,6,6,2288.48,12,0
1410,2,79,1,37.18,1,0
1411,373,6,12,13118.35,14,1
1412,249,5,6,3897.05,6,0
1413,81,4,10,2480.77,8,1
1414,57,34,3,1489.57,7,0
1415,12,39,2,113.22,1,0
1416,40,52,1,377.4,1,0
1417,1926,13,16,130520.21,47,1
1418,808,2,22,17783.1,15,1
1419,104,13,15,1500.12,3,0
1420,1626,1,3,238177.88,29,1
1421,3535,49,3,18485.51,2,0
1422,3,76,1,55.77,1,0
1423,66,66,1,3936.24,8,0
1424,204,10,5,9471.0,10,0
1425,554,20,8,34809.55,12,0
1426,45,7,16,793.46,7,0
1427,534,4,10,34214.78,20,1
1428,105993,2,79,12461473.65,107,2
1429,88,4,11,1731.34,9,1
1430,509,2,12,21603.52,24,1
1431,409,6,11,15872.82,33,1
1432,465,6,7,124394.01,44,1
1433,934,6,24,24880.49,41,1
1434,69,90,1,4823.52,6,0
1435,1229,3,22,65580.42,33,1
1436,263,11,13,11210.3,19,1
1437,350,4,10,23777.64,26,1
1438,803,3,24,20033.76,20,1
1439,219,6,11,4782.96,12,0
1440,1711,3,13,454977.98,65,1
1441,19,34,2,196.14,3,0
1442,24,6,2,214.8,1,0
1443,2336,3,23,103720.06,51,1
1444,650,4,23,25456.36,36,1
1445,200,13,7,3808.36,5,0
1446,650,5,18,13214.87,24,1
1447,59,25,5,1432.46,5,0
1448,163,34,11,7611.87,19,0
1449,272,4,15,10409.08,18,1
1450,101,10,9,3829.26,9,0
1451,96,44,4,3171.74,7,0
1452,371,4,14,20896.6,21,1
1453,74,4,10,1791.85,13,1
1454,94,3,5,3821.77,16,1
1455,311,17,4,5750.76,7,0
1456,671,2,10,38193.78,21,1
1457,207,46,3,2428.32,3,0
1458,465,1,3,37430.85,13,1
1459,24,72,1,199.96,1,0
1460,550,4,22,18316.65,27,1
1461,151,10,4,1959.88,7,0
1462,12,10,3,136.22,3,0
1463,54,25,2,370.22,3,0
1464,56,5,4,936.16,3,0
1465,290,14,15,10513.18,11,1
1466,1887,3,17,84963.79,37,1
1467,344,10,18,7609.62,18,1
1468,323,7,17,11577.31,25,1
1469,24,40,1,226.44,1,0
1470,20,7,3,698.21,6,0
1471,515,1,3,35028.09,12,1
1472,629,5,13,18616.87,35,1
1473,168,5,9,2020.31,6,0
1474,307,2,22,4776.73,12,1
1475,24,60,1,728.82,3,0
1476,129,34,5,1674.98,6,0
1477,270,6,7,14757.11,13,0
1478,72,4,10,622.62,5,0
1479,38877,2,64,4794635.85,102,2
1480,5,47,2,55.98,2,0
1481,241,5,10,4457.49,12,0
1482,114,46,6,2417.2,8,0
1483,12,46,2,161.94,3,0
1484,18,21,1,121.86,1,0
1485,8247,5,30,164107.06,35,1
1486,239,3,12,3657.48,8,1
1487,70,18,15,756.8,7,0
1488,123,4,9,4726.21,18,1
1489,507,6,19,32313.27,23,1
1490,18662,5,19,352667.37,27,1
1491,300,87,1,1798.95,1,0
1492,262,6,23,2505.29,11,1
1493,90,74,4,3211.74,12,0
1494,154,6,6,5778.58,13,0
1495,490,53,4,24284.7,21,0
1496,148,11,6,1380.73,7,0
1497,6,87,1,107.04,2,0
1498,85,16,11,642.02,8,0
1499,30,55,1,127.83,1,0
1500,768,3,21,19567.87,18,1
1501,87,4,8,1734.88,14,0
1502,213,5,8,6547.08,18,1
1503,138,19,5,2236.05,4,0
1504,704,3,23,5226.98,11,1
1505,136,11,3,1686.62,5,0
1506,174,18,3,15798.92,17,0
1507,124,28,12,2676.89,7,0
1508,1543,4,17,109497.54,54,1
1509,668,1,3,49602.45,17,1
1510,82,35,4,1047.58,6,0
